EmployeeID,UserPrincipalName,Alias,FirstName,LastName,DisplayName,Title,Department,PhoneNumber,Mobile Phone,Fax,StreetAddress,City,State,PostalCode,Country
1437,DaLiu@SkytapMarketingDemo.net,DaLiu,David,Liu,David Liu,Account Manager,Finance,6465550185,N/A,N/A,9605 Pheasant Circle,Gold Bar,Washington,98251,United States
1486,BaMorel@SkytapMarketingDemo.net,BaMorel,Barbara,Moreland,Barbara Moreland,Accountant,Finance,8225550145,N/A,N/A,137 Mazatlan,Seattle,Washington,98104,United States
1249,DrTomic@SkytapMarketingDemo.net,DrTomic,Dragan,Tomic,Dragan Tomic,Accounts Payable Specialist,Finance,1175550185,N/A,N/A,3884 Beauty Street,Gold Bar,Washington,98251,United States
1515,BrWalto@SkytapMarketingDemo.net,BrWalto,Bryan,Walton,Bryan Walton,Accounts Receivable Specialist,Finance,9355550199,N/A,N/A,1397 Paradise Ct.,Newport Hills,Washington,98006,United States
1439,KarenBerg@SkytapMarketingDemo.net,KaBerg,Karen,Berg,Karen Berg,Application Specialist,Development,6545550177,N/A,N/A,5256 Chickpea Ct.,Issaquah,Washington,98027,United States
1389,DaBarbe@SkytapMarketingDemo.net,DaBarbe,David,Barber,David Barber,Assistant to the Chief Financial Officer,Finance,4775550132,N/A,N/A,8967 Hamilton Ave.,Newport Hills,Washington,98006,United States
1282,DaBacon@SkytapMarketingDemo.net,DaBacon,Dan,Bacon,Dan Bacon,Azure Application Specialist,Development,1665550159,N/A,N/A,1921 Ranch Road,Issaquah,Washington,98027,United States
1433,JaBueno@SkytapMarketingDemo.net,JaBueno,Janaina,Bueno,Janaina Bueno,Azure Application Specialist,Development,6235550155,N/A,N/A,5979 El Pueblo,Issaquah,Washington,98027,United States
1306,JaLever@SkytapMarketingDemo.net,JaLever,Janet,Leverling,Janet Leverling,Azure Stack Operator,Information Technology,2065553412,N/A,N/A,722 Moss Bay Blvd.,Kirkland,Washington,98033,United States
1405,MiMarti@SkytapMarketingDemo.net,MiMarti,Mindy,Martin,Mindy Martin,Benefits Specialist,Human Resources,5225550147,N/A,N/A,9687 Shakespeare Drive,Newport Hills,Washington,98006,United States
1490,ArRao@SkytapMarketingDemo.net,ArRao,Arvind,Rao,Arvind Rao,Buyer,Purchasing,8485550163,N/A,N/A,9495 Limewood Place,Renton,Washington,98055,United States
1451,KeSanch@SkytapMarketingDemo.net,KeSánch,Ken,Sánchez,Ken Sánchez,Chief Executive Officer,Corporate,6975550142,N/A,N/A,4350 Minute Dr.,Newport Hills,Washington,98006,United States
1431,LaNorma@SkytapMarketingDemo.net,LaNorma,Laura,Norman,Laura Norman,Chief Financial Officer,Corporate,6155550110,N/A,N/A,6937 E. 42nd Street,Renton,Washington,98055,United States
1309,NaDavol@SkytapMarketingDemo.net,NaDavol,Nancy,Davolio,Nancy Davolio,Chief Information Officer,Corporate,2065559857,N/A,N/A,"507 - 20th Ave. E.
Apt. 2A",Seattle,Washington,98122,United States
1238,RoKing@SkytapMarketingDemo.net,RoKing,Robert,King,Robert King,Chief Operations Officer,Corporate,5555598,N/A,N/A,"Edgeham Hollow
Winchester Way",London,England,RG1 9SP,United Kingdom
1500,TeKhara@SkytapMarketingDemo.net,TeKhara,Tengiz,Kharatishvili,Tengiz Kharatishvili,Control Specialist,Development,9105550116,N/A,N/A,3333 Madhatter Circle,Issaquah,Washington,98027,United States
1438,DaWilso@SkytapMarketingDemo.net,DaWilso,Dan,Wilson,Dan Wilson,Database Administrator,Development,6535550144,N/A,N/A,5863 Sierra,Bellevue,Washington,98004,United States
1526,ShSalav@SkytapMarketingDemo.net,ShSalav,Sharon,Salavaria,Sharon Salavaria,Design Engineer,Development,9705550138,N/A,N/A,7165 Brock Lane,Renton,Washington,98055,United States
1464,KaBerge@SkytapMarketingDemo.net,KaBerge,Karen,Berge,Karen Berge,Document Control Assistant,Information Technology,7465550164,N/A,N/A,3127 El Camino Drive,Index,Washington,98256,United States
1302,ZaArifi@SkytapMarketingDemo.net,ZaArifi,Zainal,Arifin,Zainal Arifin,Document Control Manager,Information Technology,2045550115,N/A,N/A,342 San Simeon,Issaquah,Washington,98027,United States
1468,AmAlber@SkytapMarketingDemo.net,AmAlber,Amy,Alberts,Amy Alberts,European Sales Manager,Sales and Marketing,7755550164,N/A,N/A,5009 Orange Street,Renton,Washington,98055,United States
1380,AlBrewe@SkytapMarketingDemo.net,AlBrewe,Alan,Brewer,Alan Brewer,Executive Assistant,Corporate,4385550172,N/A,N/A,25 95th Ave NE,Kenmore,Washington,98028,United States
1419,MaHedlu@SkytapMarketingDemo.net,MaHedlu,Magnus,Hedlund,Magnus Hedlund,Facilities Administrative Assistant,Facilities,5835550182,N/A,N/A,9533 Working Drive,Renton,Washington,98055,United States
1244,GaAltma@SkytapMarketingDemo.net,GaAltma,Gary,Altman,Gary Altman,Facilities Manager,Facilities,1105550112,N/A,N/A,2598 Breck Court,Renton,Washington,98055,United States
1325,WeKahn@SkytapMarketingDemo.net,WeKahn,Wendy,Kahn,Wendy Kahn,Finance Manager,Finance,2485550134,N/A,N/A,4525 Benedict Ct.,Sammamish,Washington,98074,United States
1360,DiTibbo@SkytapMarketingDemo.net,DiTibbo,Diane,Tibbott,Diane Tibbott,Front Desk Services,Corporate,3615550180,N/A,N/A,8192 Seagull Court,Kenmore,Washington,98028,United States
1476,HaChen@SkytapMarketingDemo.net,HaChen,Hao,Chen,Hao Chen,Human Resources Administrative Assistant,Human Resources,8065550136,N/A,N/A,7691 Benedict Ct.,Issaquah,Washington,98027,United States
1376,LoSunsh@SkytapMarketingDemo.net,LoSunsh,Lola,Sunshine,Lola Sunshine,Human Resources Director,Human Resources,4255556661,N/A,N/A,23014 29th Avenue West,Brier,Washington,98036,United States
1314,RoTambu@SkytapMarketingDemo.net,RoTambu,Roberto,Tamburello,Roberto Tamburello,Infrastructure Services Manager,Information Technology,2125550187,N/A,N/A,2137 Birchwood Dr,Redmond,Washington,98052,United States
1305,LaCalla@SkytapMarketingDemo.net,LaCalla,Laura,Callahan,Laura Callahan,Inside Sales Coordinator,Sales and Marketing,2065551189,N/A,N/A,4726 - 11th Ave. N.E.,Seattle,Washington,98105,United States
1448,JeTrena@SkytapMarketingDemo.net,JeTrena,Jean,Trenary,Jean Trenary,IT Manager,Information Technology,6855550120,N/A,N/A,2383 Pepper Drive,Redmond,Washington,98052,United States
1370,PaWedge@SkytapMarketingDemo.net,PaWedge,Patrick,Wedge,Patrick Wedge,IT Services Engineer,Information Technology,4135550124,N/A,N/A,3067 Maya,Bellevue,Washington,98004,United States
1318,JoBerry@SkytapMarketingDemo.net,JoBerry,Jo,Berry,Jo Berry,Janitor,Facilities,2285550159,N/A,N/A,1748 Bird Drive,Index,Washington,98256,United States
1489,ChKlein@SkytapMarketingDemo.net,ChKlein,Christian,Kleinerman,Christian Kleinerman,Maintenance Supervisor,Facilities,8465550157,N/A,N/A,8036 Summit View Dr.,Gold Bar,Washington,98251,United States
1270,KeBrown@SkytapMarketingDemo.net,KeBrown,Kevin,Brown,Kevin Brown,Marketing Assistant,Sales and Marketing,1505550189,N/A,N/A,7883 Missing Canyon Court,Everett,Washington,98201,United States
1501,DaBradl@SkytapMarketingDemo.net,DaBradl,David,Bradley,David Bradley,Marketing Manager,Sales and Marketing,9135550172,N/A,N/A,3768 Door Way,Redmond,Washington,98052,United States
1390,JoWood@SkytapMarketingDemo.net,JoWood,John,Wood,John Wood,Marketing Specialist,Sales and Marketing,4865550150,N/A,N/A,9906 Oak Grove Road,Redmond,Washington,98052,United States
1532,ASWrigh@SkytapMarketingDemo.net,ASWrigh,A. Scott,Wright,A. Scott Wright,Master Scheduler,Corporate,9925550194,N/A,N/A,9297 Kenston Dr.,Newport Hills,Washington,98006,United States
1440,AsSharm@SkytapMarketingDemo.net,AsSharm,Ashvini,Sharma,Ashvini Sharma,Network Administrator,Information Technology,6565550119,N/A,N/A,6580 Poor Ridge Court,Issaquah,Washington,98027,United States
1323,StJiang@SkytapMarketingDemo.net,StJiang,Stephen,Jiang,Stephen Jiang,North American Sales Manager,Sales and Marketing,2385550197,N/A,N/A,2427 Notre Dame Ave.,Redmond,Washington,98052,United States
1509,SyAbbas@SkytapMarketingDemo.net,SyAbbas,Syed,Abbas,Syed Abbas,Pacific Sales Manager,Sales and Marketing,9265550182,N/A,N/A,7484 Roundtree Drive,Bothell,Washington,98011,United States
1503,PeKrebs@SkytapMarketingDemo.net,PeKrebs,Peter,Krebs,Peter Krebs,Port Control Manager,Port Management,9135550196,N/A,N/A,3670 All Ways Drive,Bellevue,Washington,98004,United States
1499,AndHill@SkytapMarketingDemo.net,AnHill,Andrew,Hill,Andrew Hill,Port Supervisor - WC10,Port Management,9085550159,N/A,N/A,6629 Polson Circle,Everett,Washington,98201,United States
1328,ErGubbe@SkytapMarketingDemo.net,ErGubbe,Eric,Gubbels,Eric Gubbels,Port Supervisor - WC20,Port Management,2605550119,N/A,N/A,371 Apple Dr.,Edmonds,Washington,98020,United States
1411,JaRichi@SkytapMarketingDemo.net,JaRichi,Jack,Richins,Jack Richins,Port Supervisor - WC30,Port Management,5525550111,N/A,N/A,1356 Grove Way,Monroe,Washington,98272,United States
1264,BrDiaz@SkytapMarketingDemo.net,BrDiaz,Brenda,Diaz,Brenda Diaz,Port Supervisor - WC40,Port Management,1425550139,N/A,N/A,1349 Steven Way,Seattle,Washington,98104,United States
1479,ShKim@SkytapMarketingDemo.net,ShKim,Shane,Kim,Shane Kim,Port Supervisor - WC45,Port Management,8105550178,N/A,N/A,9745 Bonita Ct.,Bellevue,Washington,98004,United States
1475,JiLiu@SkytapMarketingDemo.net,JiLiu,Jinghao,Liu,Jinghao Liu,Port Supervisor - WC50,Port Management,7945550159,N/A,N/A,9666 Northridge Ct.,Carnation,Washington,98014,United States
1434,JoBrown@SkytapMarketingDemo.net,JoBrown,Jo,Brown,Jo Brown,Port Supervisor - WC60,Port Management,6325550129,N/A,N/A,9693 Mellowood Street,Duvall,Washington,98019,United States
1304,BaJohns@SkytapMarketingDemo.net,BaJohns,Barry,Johnson,Barry Johnson,Port Technician - WC10,Port Management,2065550180,N/A,N/A,3114 Notre Dame Ave.,Snohomish,Washington,98296,United States
1243,AnSousa@SkytapMarketingDemo.net,AnSousa,Anibal,Sousa,Anibal Sousa,Port Technician - WC20,Port Management,1065550120,N/A,N/A,6891 Ham Drive,Redmond,Washington,98052,United States
1250,AnRuth@SkytapMarketingDemo.net,AnRuth,Andy,Ruth,Andy Ruth,Port Technician - WC30,Port Management,1185550110,N/A,N/A,4777 Rockne Drive,Bellevue,Washington,98004,United States
1443,AlMcGue@SkytapMarketingDemo.net,AlMcGue,Alejandro,McGuel,Alejandro McGuel,Port Technician - WC40,Port Management,6685550130,N/A,N/A,7127 Los Gatos Court,Seattle,Washington,98104,United States
1485,AlNaybe@SkytapMarketingDemo.net,AlNaybe,Alex,Nayberg,Alex Nayberg,Port Technician - WC45,Port Management,8195550198,N/A,N/A,1400 Gate Drive,Newport Hills,Washington,98006,United States
1356,AlCiccu@SkytapMarketingDemo.net,AlCiccu,Alice,Ciccu,Alice Ciccu,Port Technician - WC50,Port Management,3335550173,N/A,N/A,3280 Pheasant Circle,Snohomish,Washington,98296,United States
1394,AnStahl@SkytapMarketingDemo.net,AnStahl,Annik,Stahl,Annik Stahl,Port Technician - WC60,Port Management,4995550125,N/A,N/A,7842 Ygnacio Valley Road,Seattle,Washington,98104,United States
1265,NiMirch@SkytapMarketingDemo.net,NiMirch,Nitin,Mirchandani,Nitin Mirchandani,Print Services Engineer,Information Technology,1435550173,N/A,N/A,4096 San Remo,Sammamish,Washington,98074,United States
1257,AnnHill@SkytapMarketingDemo.net,AnHill,Annette,Hill,Annette Hill,Purchasing Assistant,Purchasing,1255550196,N/A,N/A,6369 Ellis Street,Redmond,Washington,98052,United States
1313,ShWord@SkytapMarketingDemo.net,ShWord,Sheela,Word,Sheela Word,Purchasing Manager,Purchasing,2105550193,N/A,N/A,535 Greendell Pl,Sammamish,Washington,98074,United States
1493,HaAbolr@SkytapMarketingDemo.net,HaAbolr,Hazem,Abolrous,Hazem Abolrous,Quality Assurance Manager,Quality Assurance,8695550125,N/A,N/A,5050 Mt. Wilson Way,Kenmore,Washington,98028,United States
1279,PeWu@SkytapMarketingDemo.net,PeWu,Peng,Wu,Peng Wu,Quality Assurance Supervisor,Quality Assurance,1645550164,N/A,N/A,250 Race Court,Bothell,Washington,98011,United States
1289,AnBergl@SkytapMarketingDemo.net,AnBergl,Andreas,Berglund,Andreas Berglund,Quality Assurance Technician,Quality Assurance,1815550124,N/A,N/A,1803 Olive Hill,Renton,Washington,98055,United States
1470,WiJohns@SkytapMarketingDemo.net,WiJohns,Willis,Johnson,Willis Johnson,Recruiter,Human Resources,7785550141,N/A,N/A,5452 Corte Gilberto,Everett,Washington,98201,United States
1480,DiMargh@SkytapMarketingDemo.net,DiMargh,Diane,Margheim,Diane Margheim,Research and Development Engineer,Research and Development ,8155550138,N/A,N/A,475 Santa Maria,Everett,Washington,98201,United States
1240,StBucha@SkytapMarketingDemo.net,StBucha,Steven,Buchanan,Steven Buchanan,Sales Manager,Sales and Marketing,715554848,N/A,N/A,14 Garrett Hill,London,England,SW1 8JR,United Kingdom
1239,AnDodsw@SkytapMarketingDemo.net,AnDodsw,Anne,Dodsworth,Anne Dodsworth,Sales Representative,Sales and Marketing,715554444,N/A,N/A,7 Houndstooth Rd.,London,England,WG2 7LT,United Kingdom
1425,DePoe@SkytapMarketingDemo.net,DePoe,Deborah,Poe,Deborah Poe,Senior Account Manager,Finance,6025550194,N/A,N/A,7640 First Ave.,Everett,Washington,98201,United States
1386,MiSulli@SkytapMarketingDemo.net,MiSulli,Michael,Sullivan,Michael Sullivan,Senior Design Engineer,Development,4655550156,N/A,N/A,6510 Hacienda Drive,Renton,Washington,98055,United States
1424,StConro@SkytapMarketingDemo.net,StConro,Stephanie,Conroy,Stephanie Conroy,Senior IT Services Engineer,Information Technology,5945550110,N/A,N/A,7435 Ricardo,Issaquah,Washington,98027,United States
1274,ViLuthr@SkytapMarketingDemo.net,ViLuthr,Vidur,Luthra,Vidur Luthra,Senior Recruiter,Human Resources,1535550186,N/A,N/A,3030 Blackburn Ct.,Newport Hills,Washington,98006,United States
1406,PaBarre@SkytapMarketingDemo.net,PaBarre,Paula,Barreto de Mattos,Paula Barreto de Mattos,Senior Recruitment Manager,Human Resources,5235550175,N/A,N/A,4311 Clay Rd,Bellevue,Washington,98004,United States
1458,OvCraci@SkytapMarketingDemo.net,OvCraci,Ovidiu,Cracium,Ovidiu Cracium,Senior Tool Designer,Research and Development ,7195550181,N/A,N/A,5458 Gladstone Drive,Kenmore,Washington,98028,United States
1254,JoGoldb@SkytapMarketingDemo.net,JoGoldb,Jossef,Goldberg,Jossef Goldberg,Senior UI Design Engineer,Development,1225550189,N/A,N/A,5670 Bel Air Dr.,Renton,Washington,98055,United States
1261,MaBernd@SkytapMarketingDemo.net,MaBernd,Matthias,Berndt,Matthias Berndt,Shipping and Receiving Clerk,Shipping and Receiving,1395550120,N/A,N/A,4312 Cambridge Drive,Renton,Washington,98055,United States
1416,PiAcker@SkytapMarketingDemo.net,PiAcker,Pilar,Ackerman,Pilar Ackerman,Shipping and Receiving Supervisor,Shipping and Receiving,5775550185,N/A,N/A,5407 Cougar Way,Seattle,Washington,98104,United States
1511,JiBisch@SkytapMarketingDemo.net,JiBisch,Jimmy,Bischoff,Jimmy Bischoff,Stocker,Shipping and Receiving,9275550168,N/A,N/A,2176 Brown Street,Renton,Washington,98055,United States
1387,JaGalvi@SkytapMarketingDemo.net,JaGalvi,Janice,Galvin,Janice Galvin,Tool Designer,Research and Development ,4735550117,N/A,N/A,3397 Rancho View Drive,Redmond,Washington,98052,United States
1491,GaErick@SkytapMarketingDemo.net,GaErick,Gail,Erickson,Gail Erickson,UI Design Engineer,Development,8495550139,N/A,N/A,9435 Breck Court,Bellevue,Washington,98004,United States
1484,TeDuffy@SkytapMarketingDemo.net,TeDuffy,Terri,Duffy,Terri Duffy,Vice President of Engineering,Development,8195550175,N/A,N/A,7559 Worth Ct.,Renton,Washington,98055,United States
1494,JaHamil@SkytapMarketingDemo.net,JaHamil,James,Hamilton,James Hamilton,Vice President of Port Management,Port Management,8705550122,N/A,N/A,9652 Los Angeles,Monroe,Washington,98272,United States
1457,BrWelck@SkytapMarketingDemo.net,BrWelck,Brian,Welcker,Brian Welcker,Vice President of Research and Development,Research and Development ,7165550127,N/A,N/A,7772 Golden Meadow,Issaquah,Washington,98027,United States
1308,AnFulle@SkytapMarketingDemo.net,AnFulle,Andrew,Fuller,Andrew Fuller,Vice President of Sales,Sales and Marketing,2065559482,N/A,N/A,908 W. Capital Way,Tacoma,Washington,98401,United States
